tags,CN,SW,tag_group
"('PROPN', 'PROPN')",0.1469,0.1083,PosPos
"('NOUN', 'NOUN')",0.1151,0.1435,PosPos
"('PROPN', 'NOUN')",0.1029,0.1263,PosPos
"('NOUN', 'PROPN')",0.0848,0.0866,PosPos
"('NP', 'NOUN')",0.0414,0.0048,PosPhrase
"('NP', 'NP')",0.0394,0.0012,PhrasePhrase
"('NP', 'PROPN')",0.038,0.0037,PosPhrase
"('PROPN', 'ADJ')",0.0309,0.0501,PosPos
"('PROPN', 'NP')",0.0287,0.0148,PosPhrase
"('NOUN', 'NP')",0.0283,0.012,PosPhrase
"('NOUN', 'ADJ')",0.0225,0.0426,PosPos
"('VERB', 'PROPN')",0.0222,0.0267,PosPos
"('PROPN', 'VERB')",0.0214,0.0306,PosPos
"('ADJ', 'PROPN')",0.0211,0.0324,PosPos
"('NOUN', 'VERB')",0.0202,0.0316,PosPos
"('VERB', 'NOUN')",0.0198,0.0411,PosPos
"('ADJ', 'NOUN')",0.0185,0.0434,PosPos
"('ADJ', 'ADJ')",0.0174,0.0387,PosPos
"('VERB', 'VERB')",0.0153,0.023,PosPos
"('VP', 'VP')",0.013,0.0002,PhrasePhrase
"('NOUN', 'VP')",0.0107,0.0025,PosPhrase
"('NP', 'ADJ')",0.0106,0.0019,PosPhrase
"('VP', 'NOUN')",0.0081,0.001,PosPhrase
"('ADJ', 'VERB')",0.0066,0.0136,PosPos
"('NP', 'VERB')",0.0063,0.0008,PosPhrase
"('VERB', 'ADJ')",0.0062,0.0148,PosPos
"('ADV', 'PROPN')",0.0049,0.0042,PosPos
"('ADV', 'ADJ')",0.0046,0.0042,PosPos
"('PROPN', 'VP')",0.0044,0.0027,PosPhrase
"('NP', 'VP')",0.0042,0.0001,PhrasePhrase
"('VP', 'NP')",0.004,0.0001,PhrasePhrase
"('VP', 'PROPN')",0.0037,0.0008,PosPhrase
"('PROPN', 'ADV')",0.0036,0.0052,PosPos
"('VERB', 'NP')",0.0035,0.003,PosPhrase
"('VP', 'VERB')",0.0035,0.0007,PosPhrase
"('ADV', 'NOUN')",0.0032,0.0054,PosPos
"('VERB', 'VP')",0.003,0.0022,PosPhrase
"('ADJ', 'NP')",0.0029,0.0042,PosPhrase
"('NOUN', 'ADV')",0.0026,0.0046,PosPos
"('ADV', 'ADV')",0.0024,0.0032,PosPos
"('X', 'PROPN')",0.0022,0.0015,PosPhrase
"('X', 'NOUN')",0.0018,0.0015,PosPhrase
"('PROPN', 'X')",0.0017,0.0016,PosPhrase
"('VP', 'ADJ')",0.0015,0.0004,PosPhrase
"('ADJ', 'ADV')",0.0014,0.0035,PosPos
"('ADV', 'VERB')",0.0013,0.0024,PosPos
"('NOUN', 'PP')",0.0011,0.0009,PosPhrase
"('INTJ', 'PROPN')",0.0011,0.001,PosPhrase
"('PROPN', 'PRON')",0.001,0.0008,PosPos
"('NOUN', 'X')",0.001,0.0013,PosPhrase
"('VERB', 'ADV')",0.001,0.0029,PosPos
"('NP', 'ADV')",0.001,0.0002,PosPhrase
"('PROPN', 'PP')",0.0009,0.0008,PosPhrase
"('NOUN', 'ADJP')",0.0009,0.0005,PosPhrase
"('INTJ', 'NOUN')",0.0008,0.0011,PosPhrase
"('S', 'NOUN')",0.0008,0.0,PosPhrase
"('X', 'NP')",0.0007,0.0002,PosPhrase
"('PROPN', 'INTJ')",0.0007,0.0015,PosPhrase
"('NOUN', 'PRON')",0.0007,0.0007,PosPos
"('VP', 'S')",0.0007,0.0,PhrasePhrase
"('ADJP', 'ADJ')",0.0006,0.0002,PosPhrase
"('NP', 'X')",0.0006,0.0001,PosPhrase
"('NOUN', 'S')",0.0006,0.0003,PosPhrase
"('PP', 'NOUN')",0.0006,0.0003,PosPhrase
"('NP', 'PRON')",0.0006,0.0001,PosPhrase
"('S', 'PROPN')",0.0006,0.0,PosPhrase
"('ADV', 'NP')",0.0005,0.0007,PosPhrase
"('X', 'ADJ')",0.0005,0.0005,PosPhrase
"('PROPN', 'ADJP')",0.0005,0.0008,PosPhrase
"('NP', 'ADJP')",0.0005,0.0,PhrasePhrase
"('NOUN', 'INTJ')",0.0005,0.0014,PosPhrase
"('S', 'NP')",0.0005,0.0,PhrasePhrase
"('PROPN', 'ADP')",0.0005,0.0008,PosPos
"('ADJ', 'VP')",0.0005,0.001,PosPhrase
"('ADJP', 'NOUN')",0.0005,0.0001,PosPhrase
"('ADJP', 'PROPN')",0.0005,0.0001,PosPhrase
"('PP', 'PP')",0.0004,0.0,PhrasePhrase
"('PP', 'ADJ')",0.0004,0.0001,PosPhrase
"('ADP', 'PROPN')",0.0004,0.0006,PosPos
"('NOUN', 'ADP')",0.0004,0.0008,PosPos
"('NP', 'S')",0.0004,0.0,PhrasePhrase
"('PP', 'PROPN')",0.0004,0.0002,PosPhrase
"('PROPN', 'NUM')",0.0004,0.0004,PosPos
"('X', 'X')",0.0004,0.0002,PosPhrase
"('PROPN', 'S')",0.0004,0.0004,PosPhrase
"('X', 'VERB')",0.0004,0.0005,PosPhrase
"('ADP', 'NOUN')",0.0003,0.0009,PosPos
"('S', 'S')",0.0003,0.0,PhrasePhrase
"('VP', 'ADJP')",0.0003,0.0,PhrasePhrase
"('VERB', 'PP')",0.0003,0.0005,PosPhrase
"('ADJ', 'ADJP')",0.0003,0.001,PosPhrase
"('VERB', 'X')",0.0003,0.0004,PosPhrase
"('NOUN', 'NUM')",0.0003,0.0005,PosPos
"('ADJP', 'NP')",0.0003,0.0,PhrasePhrase
"('INTJ', 'NP')",0.0003,0.0001,PosPhrase
"('S', 'ADJ')",0.0003,0.0,PosPhrase
"('VP', 'ADV')",0.0003,0.0001,PosPhrase
"('PP', 'VERB')",0.0002,0.0001,PosPhrase
"('PROPN', 'AUX')",0.0002,0.0002,PosPos
"('ADJ', 'X')",0.0002,0.0004,PosPhrase
"('VERB', 'ADJP')",0.0002,0.0003,PosPhrase
"('VP', 'PP')",0.0002,0.0,PhrasePhrase
"('PP', 'ADV')",0.0002,0.0001,PosPhrase
"('ADVP', 'ADJ')",0.0002,0.0001,PosPhrase
"('NP', 'PP')",0.0002,0.0,PhrasePhrase
"('ADJP', 'ADJP')",0.0002,0.0,PhrasePhrase
"('NOUN', 'AUX')",0.0002,0.0003,PosPos
"('ADJ', 'PP')",0.0002,0.0006,PosPhrase
"('NP', 'INTJ')",0.0002,0.0001,PosPhrase
"('VERB', 'ADP')",0.0002,0.0008,PosPos
"('NOUN', 'FRAG')",0.0002,0.0001,PosPhrase
"('ADVP', 'PROPN')",0.0002,0.0001,PosPhrase
"('VERB', 'S')",0.0002,0.0002,PosPhrase
"('INTJ', 'INTJ')",0.0002,0.0003,PosPhrase
"('VERB', 'PRON')",0.0002,0.0006,PosPos
"('ADJP', 'VERB')",0.0002,0.0001,PosPhrase
"('INTJ', 'ADJ')",0.0002,0.0006,PosPhrase
"('ADVP', 'NOUN')",0.0002,0.0001,PosPhrase
"('INTJ', 'VERB')",0.0002,0.0004,PosPhrase
"('S', 'VP')",0.0002,0.0,PhrasePhrase
"('S', 'VERB')",0.0002,0.0,PosPhrase
"('ADP', 'ADV')",0.0001,0.0003,PosPos
"('ADV', 'ADP')",0.0001,0.0003,PosPos
"('ADV', 'X')",0.0001,0.0001,PosPhrase
"('ADP', 'NP')",0.0001,0.0001,PosPhrase
"('ADP', 'ADP')",0.0001,0.0003,PosPos
"('ADV', 'VP')",0.0001,0.0002,PosPhrase
"('ADV', 'PP')",0.0001,0.0003,PosPhrase
"('ADP', 'ADJ')",0.0001,0.0004,PosPos
"('ADV', 'ADVP')",0.0001,0.0002,PosPhrase
"('AUX', 'NOUN')",0.0001,0.0002,PosPos
"('ADVP', 'ADVP')",0.0001,0.0,PhrasePhrase
"('ADV', 'ADJP')",0.0001,0.0001,PosPhrase
"('X', 'INTJ')",0.0001,0.0001,PosPhrase
"('ADVP', 'NP')",0.0001,0.0,PhrasePhrase
"('ADJ', 'INTJ')",0.0001,0.0008,PosPhrase
"('X', 'ADV')",0.0001,0.0001,PosPhrase
"('AUX', 'VERB')",0.0001,0.0003,PosPos
"('ADJ', 'PRON')",0.0001,0.0005,PosPos
"('ADJ', 'ADVP')",0.0001,0.0002,PosPhrase
"('ADJ', 'ADP')",0.0001,0.0004,PosPos
"('AUX', 'PROPN')",0.0001,0.0001,PosPos
"('ADJ', 'NUM')",0.0001,0.0002,PosPos
"('INTJ', 'ADV')",0.0001,0.0001,PosPhrase
"('VERB', 'INTJ')",0.0001,0.0007,PosPhrase
"('INTJ', 'X')",0.0001,0.0,PosPhrase
"('VERB', 'AUX')",0.0001,0.0003,PosPos
"('PRON', 'PROPN')",0.0001,0.0004,PosPos
"('PRON', 'PRON')",0.0001,0.0003,PosPos
"('PRON', 'NP')",0.0001,0.0001,PosPhrase
"('NUM', 'NP')",0.0001,0.0001,PosPhrase
"('ADJP', 'VP')",0.0001,0.0,PhrasePhrase
"('NP', 'ADVP')",0.0001,0.0,PhrasePhrase
"('PRON', 'NOUN')",0.0001,0.0006,PosPos
"('INTJ', 'VP')",0.0001,0.0001,PosPhrase
"('NOUN', 'ADVP')",0.0001,0.0002,PosPhrase
"('NP', 'FRAG')",0.0001,0.0,PhrasePhrase
"('PP', 'NP')",0.0001,0.0,PhrasePhrase
"('NP', 'ADP')",0.0001,0.0,PosPhrase
"('VP', 'INTJ')",0.0001,0.0,PosPhrase
"('ADP', 'VERB')",0.0001,0.0005,PosPos
"('ADVP', 'ADV')",0.0001,0.0001,PosPhrase
"('ADJP', 'ADV')",0.0001,0.0,PosPhrase
"('CCONJ', 'NOUN')",0.0001,0.0001,PosPos
"('NUM', 'PROPN')",0.0001,0.0004,PosPos
"('NOUN', 'DET')",0.0001,0.0003,PosPos
"('VERB', 'NUM')",0.0001,0.0001,PosPos
"('VP', 'X')",0.0001,0.0,PosPhrase
"('X', 'VP')",0.0001,0.0001,PosPhrase
"('PROPN', 'DET')",0.0001,0.0002,PosPos
"('PROPN', 'FRAG')",0.0001,0.0002,PosPhrase
"('FRAG', 'NP')",0.0001,0.0,PhrasePhrase
"('FRAG', 'NOUN')",0.0001,0.0,PosPhrase
"('PROPN', 'ADVP')",0.0001,0.0003,PosPhrase
"('ADJ', 'S')",0.0001,0.0002,PosPhrase
"('NUM', 'NOUN')",0.0001,0.0008,PosPos
"('FRAG', 'PROPN')",0.0001,0.0,PosPhrase
"('NP', 'NUM')",0.0001,0.0,PosPhrase
"('NOUN', 'SCONJ')",0.0001,0.0002,PosPos
"('PP', 'VP')",0.0001,0.0,PhrasePhrase
"('PRON', 'VP')",0.0001,0.0,PosPhrase
"('VP', 'FRAG')",0.0001,0.0,PhrasePhrase
"('VERB', 'SCONJ')",0.0001,0.0001,PosPos
"('VP', 'PRON')",0.0001,0.0,PosPhrase
"('FRAG', 'ADJ')",0.0001,0.0,PosPhrase
"('ADVP', 'VERB')",0.0001,0.0,PosPhrase
"('PROPN', 'SCONJ')",0.0001,0.0001,PosPos
"('NOUN', 'SBAR')",0.0001,0.0001,PosPhrase
"('ADJ', 'PART')",0.0,0.0001,PosPos
"('PP', 'FRAG')",0.0,0.0,PhrasePhrase
"('S', 'ADJP')",0.0,0.0,PhrasePhrase
"('ADP', 'ADVP')",0.0,0.0,PosPhrase
"('ADP', 'AUX')",0.0,0.0,PosPos
"('ADP', 'VP')",0.0,0.0,PosPhrase
"('ADP', 'PP')",0.0,0.0001,PosPhrase
"('ADP', 'PRON')",0.0,0.0001,PosPos
"('DET', 'NOUN')",0.0,0.0004,PosPos
"('DET', 'PRON')",0.0,0.0001,PosPos
"('ADV', 'PRON')",0.0,0.0002,PosPos
"('SCONJ', 'SCONJ')",0.0,0.0001,PosPos
"('X', 'DET')",0.0,0.0,PosPhrase
"('CCONJ', 'CCONJ')",0.0,0.0,PosPos
"('CCONJ', 'INTJ')",0.0,0.0,PosPhrase
"('CCONJ', 'PROPN')",0.0,0.0,PosPos
"('DET', 'NUM')",0.0,0.0,PosPos
"('DET', 'ADJ')",0.0,0.0002,PosPos
"('DET', 'NP')",0.0,0.0001,PosPhrase
"('SCONJ', 'NOUN')",0.0,0.0003,PosPos
"('SCONJ', 'PROPN')",0.0,0.0001,PosPos
"('SBAR', 'AUX')",0.0,0.0,PosPhrase
"('ADV', 'AUX')",0.0,0.0001,PosPos
"('ADV', 'SINV')",0.0,0.0,PosPhrase
"('ADVP', 'VP')",0.0,0.0,PhrasePhrase
"('ADJP', 'ADVP')",0.0,0.0,PhrasePhrase
"('ADV', 'INTJ')",0.0,0.0002,PosPhrase
"('AUX', 'PART')",0.0,0.0,PosPos
"('AUX', 'FRAG')",0.0,0.0,PosPhrase
"('AUX', 'ADV')",0.0,0.0001,PosPos
"('AUX', 'AUX')",0.0,0.0001,PosPos
"('SCONJ', 'ADV')",0.0,0.0002,PosPos
"('PP', 'ADVP')",0.0,0.0,PhrasePhrase
"('AUX', 'ADJ')",0.0,0.0001,PosPos
"('AUX', 'PRON')",0.0,0.0001,PosPos
"('DET', 'CCONJ')",0.0,0.0,PosPos
"('NP', 'SBAR')",0.0,0.0,PhrasePhrase
"('ADP', 'INTJ')",0.0,0.0,PosPhrase
"('VERB', 'PART')",0.0,0.0001,PosPos
"('INTJ', 'SCONJ')",0.0,0.0,PosPhrase
"('AUX', 'VP')",0.0,0.0,PosPhrase
"('SQ', 'VP')",0.0,0.0,PhrasePhrase
"('ADVP', 'ADJP')",0.0,0.0,PhrasePhrase
"('DET', 'DET')",0.0,0.0001,PosPos
"('X', 'CCONJ')",0.0,0.0,PosPhrase
"('NUM', 'NUM')",0.0,0.0002,PosPos
"('CCONJ', 'DET')",0.0,0.0,PosPos
"('DET', 'INTJ')",0.0,0.0,PosPhrase
"('SCONJ', 'VERB')",0.0,0.0001,PosPos
"('NOUN', 'CCONJ')",0.0,0.0001,PosPos
"('PP', 'ADJP')",0.0,0.0,PhrasePhrase
"('ADJP', 'INTJ')",0.0,0.0,PosPhrase
"('PRON', 'ADJ')",0.0,0.0003,PosPos
"('PRON', 'DET')",0.0,0.0001,PosPos
"('PRON', 'S')",0.0,0.0,PosPhrase
"('FRAG', 'INTJ')",0.0,0.0,PosPhrase
"('ADP', 'X')",0.0,0.0,PosPhrase
"('PP', 'ADP')",0.0,0.0,PosPhrase
"('FRAG', 'FRAG')",0.0,0.0,PhrasePhrase
"('PRON', 'ADV')",0.0,0.0001,PosPos
"('S', 'ADVP')",0.0,0.0,PhrasePhrase
"('ADJ', 'CCONJ')",0.0,0.0001,PosPos
"('SCONJ', 'ADP')",0.0,0.0001,PosPos
"('SCONJ', 'INTJ')",0.0,0.0,PosPhrase
"('ADJP', 'S')",0.0,0.0,PhrasePhrase
"('CCONJ', 'ADJ')",0.0,0.0001,PosPos
"('ADV', 'DET')",0.0,0.0001,PosPos
"('PROPN', 'CCONJ')",0.0,0.0001,PosPos
"('CCONJ', 'ADV')",0.0,0.0001,PosPos
"('INTJ', 'DET')",0.0,0.0,PosPhrase
"('FRAG', 'PP')",0.0,0.0,PhrasePhrase
"('CCONJ', 'NP')",0.0,0.0,PosPhrase
"('PART', 'CCONJ')",0.0,0.0,PosPos
"('PART', 'NOUN')",0.0,0.0,PosPos
"('PART', 'INTJ')",0.0,0.0,PosPhrase
"('ADVP', 'PP')",0.0,0.0,PhrasePhrase
"('NUM', 'ADJ')",0.0,0.0002,PosPos
"('NUM', 'VERB')",0.0,0.0001,PosPos
"('ADJ', 'AUX')",0.0,0.0001,PosPos
"('ADVP', 'S')",0.0,0.0,PhrasePhrase
"('SCONJ', 'ADJ')",0.0,0.0001,PosPos
"('DET', 'ADV')",0.0,0.0001,PosPos
"('ADP', 'SCONJ')",0.0,0.0,PosPos
"('X', 'ADJP')",0.0,0.0,PosPhrase
"('X', 'FRAG')",0.0,0.0,PosPhrase
"('INTJ', 'ADJP')",0.0,0.0,PosPhrase
"('ADV', 'SCONJ')",0.0,0.0002,PosPos
"('ADJP', 'PP')",0.0,0.0,PhrasePhrase
"('FRAG', 'X')",0.0,0.0,PosPhrase
"('SQ', 'NOUN')",0.0,0.0,PosPhrase
"('NP', 'CCONJ')",0.0,0.0,PosPhrase
"('PROPN', 'UCP')",0.0,0.0,PosPhrase
"('SBAR', 'NOUN')",0.0,0.0,PosPhrase
"('ADJ', 'FRAG')",0.0,0.0002,PosPhrase
"('NUM', 'ADVP')",0.0,0.0,PosPhrase
"('NOUN', 'UCP')",0.0,0.0,PosPhrase
"('SBAR', 'NP')",0.0,0.0,PhrasePhrase
"('FRAG', 'VERB')",0.0,0.0,PosPhrase
"('PRON', 'VERB')",0.0,0.0002,PosPos
"('PRON', 'ADJP')",0.0,0.0,PosPhrase
"('PRON', 'INTJ')",0.0,0.0,PosPhrase
"('PRON', 'X')",0.0,0.0,PosPhrase
"('PRON', 'PP')",0.0,0.0,PosPhrase
"('PRON', 'FRAG')",0.0,0.0,PosPhrase
"('FRAG', 'VP')",0.0,0.0,PhrasePhrase
"('SBAR', 'VP')",0.0,0.0,PhrasePhrase
"('DET', 'VP')",0.0,0.0,PosPhrase
"('CCONJ', 'VP')",0.0,0.0,PosPhrase
"('PROPN', 'SBAR')",0.0,0.0,PosPhrase
"('SQ', 'NP')",0.0,0.0,PhrasePhrase
"('NOUN', 'SQ')",0.0,0.0,PosPhrase
"('NOUN', 'SINV')",0.0,0.0,PosPhrase
"('NP', 'SQ')",0.0,0.0,PhrasePhrase
"('NUM', 'VP')",0.0,0.0,PosPhrase
"('VP', 'AUX')",0.0,0.0,PosPhrase
"('SBAR', 'VERB')",0.0,0.0,PosPhrase
"('SBAR', 'PROPN')",0.0,0.0,PosPhrase
"('SBAR', 'S')",0.0,0.0,PhrasePhrase
"('SBAR', 'INTJ')",0.0,0.0,PosPhrase
"('AUX', 'NP')",0.0,0.0,PosPhrase
"('NP', 'AUX')",0.0,0.0,PosPhrase
"('PROPN', 'SQ')",0.0,0.0,PosPhrase
"('ADV', 'S')",0.0,0.0001,PosPhrase
"('VERB', 'FRAG')",0.0,0.0001,PosPhrase
"('PART', 'VP')",0.0,0.0,PosPhrase
"('PP', 'S')",0.0,0.0,PhrasePhrase
"('NUM', 'ADJP')",0.0,0.0,PosPhrase
"('NUM', 'S')",0.0,0.0,PosPhrase
"('NUM', 'PP')",0.0,0.0,PosPhrase
"('S', 'INTJ')",0.0,0.0,PosPhrase
"('FRAG', 'ADJP')",0.0,0.0,PhrasePhrase
"('S', 'PP')",0.0,0.0,PhrasePhrase
"('NUM', 'AUX')",0.0,0.0,PosPos
"('WHNP', 'NP')",0.0,0.0,PhrasePhrase
"('PP', 'SINV')",0.0,0.0,PhrasePhrase
"('PP', 'AUX')",0.0,0.0,PosPhrase
"('S', 'AUX')",0.0,0.0,PosPhrase
"('VP', 'SCONJ')",0.0,0.0,PosPhrase
"('VP', 'ADVP')",0.0,0.0,PhrasePhrase
"('VP', 'LST')",0.0,0.0,PhrasePhrase
"('ADJP', 'AUX')",0.0,0.0,PosPhrase
"('VP', 'ADP')",0.0,0.0,PosPhrase
"('VERB', 'DET')",0.0,0.0001,PosPos
"('ADJP', 'FRAG')",0.0,0.0,PhrasePhrase
"('VP', 'UCP')",0.0,0.0,PhrasePhrase
"('S', 'ADV')",0.0,0.0,PosPhrase
"('ADV', 'FRAG')",0.0,0.0001,PosPhrase
"('SBAR', 'ADJ')",0.0,0.0,PosPhrase
"('X', 'ADP')",0.0,0.0,PosPhrase
"('ADJ', 'DET')",0.0,0.0001,PosPos
"('SBAR', 'PP')",0.0,0.0,PhrasePhrase
"('DET', 'VERB')",0.0,0.0001,PosPos
"('FRAG', 'ADV')",0.0,0.0,PosPhrase
"('S', 'DET')",0.0,0.0,PosPhrase
"('NP', 'DET')",0.0,0.0,PosPhrase
"('DET', 'PROPN')",0.0,0.0002,PosPos
"('ADJP', 'X')",0.0,0.0,PosPhrase
"('SCONJ', 'X')",0.0,0.0,PosPhrase
"('PP', 'PRON')",0.0,0.0,PosPhrase
"('PP', 'SCONJ')",0.0,0.0,PosPhrase
"('X', 'PP')",0.0,0.0,PosPhrase
"('ADVP', 'ADP')",0.0,0.0,PosPhrase
"('PP', 'NUM')",0.0,0.0,PosPhrase
"('ADVP', 'NUM')",0.0,0.0,PosPhrase
"('AUX', 'ADP')",0.0,0.0,PosPos
"('FRAG', 'SCONJ')",0.0,0.0,PosPhrase
"('ADJP', 'SCONJ')",0.0,0.0,PosPhrase
"('FRAG', 'CCONJ')",0.0,0.0,PosPhrase
"('SQ', 'VERB')",0.0,0.0,PosPhrase
"('PART', 'VERB')",0.0,0.0,PosPos
"('SINV', 'ADV')",0.0,0.0,PosPhrase
"('SINV', 'ADJP')",0.0,0.0,PhrasePhrase
"('SINV', 'PROPN')",0.0,0.0,PosPhrase
"('PROPN', 'PART')",0.0,0.0,PosPos
"('ADV', 'NUM')",0.0,0.0,PosPos
"('ADJ', 'SCONJ')",0.0,0.0001,PosPos
"('VP', 'NUM')",0.0,0.0,PosPhrase
"('SQ', 'ADJ')",0.0,0.0,PosPhrase
"('SQ', 'PROPN')",0.0,0.0,PosPhrase
"('NUM', 'X')",0.0,0.0,PosPhrase
"('S', 'PRON')",0.0,0.0,PosPhrase
"('PP', 'X')",0.0,0.0,PosPhrase
"('INTJ', 'S')",0.0,0.0,PosPhrase
"('SBAR', 'ADV')",0.0,0.0,PosPhrase
"('ADVP', 'DET')",0.0,0.0,PosPhrase
"('VP', 'DET')",0.0,0.0,PosPhrase
"('ADJP', 'ADP')",0.0,0.0,PosPhrase
"('PP', 'INTJ')",0.0,0.0,PosPhrase
"('X', 'NUM')",0.0,0.0,PosPhrase
"('VERB', 'ADVP')",0.0,0.0001,PosPhrase
"('SQ', 'ADV')",0.0,0.0,PosPhrase
"('QP', 'NOUN')",0.0,0.0,PosPhrase
"('VP', 'SQ')",0.0,0.0,PhrasePhrase
"('PROPN', 'WHNP')",0.0,0.0,PosPhrase
"('LST', 'PROPN')",0.0,0.0,PosPhrase
"('INTJ', 'PRON')",0.0,0.0,PosPhrase
"('UCP', 'PROPN')",0.0,0.0,PosPhrase
"('SBARQ', 'VERB')",0.0,0.0,PosPhrase
"('SBARQ', 'NOUN')",0.0,0.0,PosPhrase
"('SBARQ', 'PROPN')",0.0,0.0,PosPhrase
"('SBAR', 'WHADVP')",0.0,0.0,PhrasePhrase
"('WHADVP', 'ADV')",0.0,0.0,PosPhrase
"('SBAR', 'PRON')",0.0,0.0,PosPhrase
"('FRAG', 'WHADVP')",0.0,0.0,PhrasePhrase
"('PP', 'DET')",0.0,0.0,PosPhrase
"('NP', 'SCONJ')",0.0,0.0,PosPhrase
"('UCP', 'ADJ')",0.0,0.0,PosPhrase
"('PP', 'CCONJ')",0.0,0.0,PosPhrase
"('QP', 'PROPN')",0.0,0.0,PosPhrase
"('DET', 'PP')",0.0,0.0,PosPhrase
"('FRAG', 'NUM')",0.0,0.0,PosPhrase
"('NP', 'QP')",0.0,0.0,PhrasePhrase
"('INTJ', 'ADP')",0.0,0.0,PosPhrase
"('CCONJ', 'PART')",0.0,0.0,PosPos
"('PART', 'NP')",0.0,0.0,PosPhrase
"('PART', 'ADP')",0.0,0.0,PosPos
"('ADP', 'NUM')",0.0,0.0,PosPos
"('NUM', 'DET')",0.0,0.0,PosPos
"('QP', 'NUM')",0.0,0.0,PosPhrase
"('FRAG', 'ADVP')",0.0,0.0,PhrasePhrase
"('LST', 'VP')",0.0,0.0,PhrasePhrase
"('PUNCT', 'PROPN')",0.0,0.0,PosPos
"('PUNCT', 'NOUN')",0.0,0.0,PosPos
"('PRON', 'ADP')",0.0,0.0,PosPos
"('INTJ', 'PP')",0.0,0.0,PosPhrase
"('NOUN', 'PUNCT')",0.0,0.0,PosPos
"('S', 'X')",0.0,0.0,PosPhrase
"('ADVP', 'FRAG')",0.0,0.0,PhrasePhrase
"('UCP', 'NOUN')",0.0,0.0,PosPhrase
"('S', 'NUM')",0.0,0.0,PosPhrase
"('X', 'S')",0.0,0.0,PosPhrase
"('ADVP', 'SCONJ')",0.0,0.0,PosPhrase
"('UCP', 'ADV')",0.0,0.0,PosPhrase
"('ADVP', 'INTJ')",0.0,0.0,PosPhrase
"('PROPN', 'PUNCT')",0.0,0.0,PosPos
"('PRON', 'SBARQ')",0.0,0.0,PosPhrase
"('SBARQ', 'NP')",0.0,0.0,PhrasePhrase
"('WHNP', 'PROPN')",0.0,0.0,PosPhrase
"('WHNP', 'PRON')",0.0,0.0,PosPhrase
"('WHNP', 'NOUN')",0.0,0.0,PosPhrase
"('FRAG', 'PRON')",0.0,0.0,PosPhrase
"('FRAG', 'ADP')",0.0,0.0,PosPhrase
"('SBAR', 'DET')",0.0,0.0,PosPhrase
"('SBARQ', 'VP')",0.0,0.0,PhrasePhrase
"('ADJP', 'DET')",0.0,0.0,PosPhrase
"('S', 'ADP')",0.0,0.0,PosPhrase
"('NOUN', 'SBARQ')",0.0,0.0,PosPhrase
"('VERB', 'CCONJ')",0.0,0.0,PosPos
"('CCONJ', 'SCONJ')",0.0,0.0,PosPos
"('DET', 'SCONJ')",0.0,0.0,PosPos
"('CCONJ', 'NUM')",0.0,0.0,PosPos
"('PRON', 'SCONJ')",0.0,0.0,PosPos
"('VP', 'CCONJ')",0.0,0.0,PosPhrase
"('CCONJ', 'ADP')",0.0,0.0,PosPos
"('PART', 'ADJ')",0.0,0.0,PosPos
"('SINV', 'VERB')",0.0,0.0,PosPhrase
"('SINV', 'ADJ')",0.0,0.0,PosPhrase
"('NOUN', 'PART')",0.0,0.0,PosPos
"('X', 'PRON')",0.0,0.0001,PosPhrase
"('NUM', 'CCONJ')",0.0,0.0,PosPos
"('ADJP', 'CCONJ')",0.0,0.0,PosPhrase
"('PROPN', 'SBARQ')",0.0,0.0,PosPhrase
"('SBAR', 'SBAR')",0.0,0.0,PhrasePhrase
"('X', 'SCONJ')",0.0,0.0,PosPhrase
"('X', 'AUX')",0.0,0.0,PosPhrase
"('INTJ', 'NUM')",0.0,0.0,PosPhrase
"('PART', 'PROPN')",0.0,0.0,PosPos
"('ADV', 'CCONJ')",0.0,0.0001,PosPos
"('CCONJ', 'X')",0.0,0.0,PosPhrase
"('DET', 'X')",0.0,0.0,PosPhrase
"('INTJ', 'SBAR')",0.0,0.0,PosPhrase
"('X', 'SBAR')",0.0,0.0,PosPhrase
"('INTJ', 'CCONJ')",0.0,0.0,PosPhrase
"('ADJP', 'SINV')",0.0,0.0,PhrasePhrase
"('NUM', 'ADV')",0.0,0.0,PosPos
"('WHNP', 'SBAR')",0.0,0.0,PhrasePhrase
"('PRON', 'WHNP')",0.0,0.0,PosPhrase
"('WHNP', 'WHNP')",0.0,0.0,PhrasePhrase
"('SBAR', 'SBARQ')",0.0,0.0,PhrasePhrase
"('SBAR', 'FRAG')",0.0,0.0,PhrasePhrase
"('FRAG', 'SBAR')",0.0,0.0,PhrasePhrase
"('PUNCT', 'ADJ')",0.0,0.0,PosPos
"('DET', 'FRAG')",0.0,0.0,PosPhrase
"('SINV', 'SQ')",0.0,0.0,PhrasePhrase
"('AUX', 'X')",0.0,0.0,PosPhrase
"('SCONJ', 'NP')",0.0,0.0,PosPhrase
"('SINV', 'NP')",0.0,0.0,PhrasePhrase
"('ADV', 'SQ')",0.0,0.0,PosPhrase
"('LST', 'NOUN')",0.0,0.0,PosPhrase
"('SINV', 'SINV')",0.0,0.0,PhrasePhrase
"('X', 'SINV')",0.0,0.0,PosPhrase
"('SINV', 'INTJ')",0.0,0.0,PosPhrase
"('SINV', 'VP')",0.0,0.0,PhrasePhrase
"('SINV', 'X')",0.0,0.0,PosPhrase
"('X', 'SQ')",0.0,0.0,PosPhrase
"('INTJ', 'ADVP')",0.0,0.0,PosPhrase
"('SQ', 'S')",0.0,0.0,PhrasePhrase
"('VERB', 'PUNCT')",0.0,0.0,PosPos
"('FRAG', 'S')",0.0,0.0,PhrasePhrase
"('ADJP', 'UCP')",0.0,0.0,PhrasePhrase
"('ADVP', 'UCP')",0.0,0.0,PhrasePhrase
"('UCP', 'ADVP')",0.0,0.0,PhrasePhrase
"('LST', 'INTJ')",0.0,0.0,PosPhrase
"('NOUN', 'LST')",0.0,0.0,PosPhrase
"('SQ', 'SBAR')",0.0,0.0,PhrasePhrase
"('S', 'SBAR')",0.0,0.0,PhrasePhrase
"('LST', 'LST')",0.0,0.0,PhrasePhrase
"('SBARQ', 'SBARQ')",0.0,0.0,PhrasePhrase
"('SBAR', 'SQ')",0.0,0.0,PhrasePhrase
"('ADJP', 'QP')",0.0,0.0,PhrasePhrase
"('PP', 'SBAR')",0.0,0.0,PhrasePhrase
"('UCP', 'UCP')",0.0,0.0,PhrasePhrase
"('WHNP', 'X')",0.0,0.0,PosPhrase
"('LST', 'X')",0.0,0.0,PosPhrase
"('X', 'ADVP')",0.0,0.0,PosPhrase
"('PP', 'WHNP')",0.0,0.0,PhrasePhrase
"('DET', 'AUX')",0.0,0.0,PosPos
"('LST', 'ADVP')",0.0,0.0,PhrasePhrase
"('X', 'PUNCT')",0.0,0.0,PosPhrase
"('INTJ', 'SQ')",0.0,0.0,PosPhrase
"('ADJP', 'LST')",0.0,0.0,PhrasePhrase
"('NP', 'UCP')",0.0,0.0,PhrasePhrase
"('WHNP', 'FRAG')",0.0,0.0,PhrasePhrase
"('ADV', 'SBARQ')",0.0,0.0,PosPhrase
"('INTJ', 'AUX')",0.0,0.0,PosPhrase
"('SBAR', 'ADVP')",0.0,0.0,PhrasePhrase
"('ADP', 'S')",0.0,0.0,PosPhrase
"('WHADVP', 'NOUN')",0.0,0.0,PosPhrase
"('ADP', 'SBAR')",0.0,0.0,PosPhrase
"('SINV', 'NOUN')",0.0,0.0,PosPhrase
"('CCONJ', 'VERB')",0.0,0.0,PosPos
"('CCONJ', 'ADJP')",0.0,0.0,PosPhrase
"('CCONJ', 'FRAG')",0.0,0.0,PosPhrase
"('CCONJ', 'PRON')",0.0,0.0,PosPos
"('NP', 'PART')",0.0,0.0,PosPhrase
"('SCONJ', 'PRON')",0.0,0.0,PosPos
"('SCONJ', 'S')",0.0,0.0,PosPhrase
"('ADJP', 'PRON')",0.0,0.0,PosPhrase
"('ADVP', 'PRON')",0.0,0.0,PosPhrase
"('AUX', 'ADJP')",0.0,0.0,PosPhrase
"('AUX', 'PP')",0.0,0.0,PosPhrase
"('NUM', 'PRON')",0.0,0.0,PosPos
"('SINV', 'PRON')",0.0,0.0,PosPhrase
"('PROPN', 'SINV')",0.0,0.0,PosPhrase
"('VERB', 'SBAR')",0.0,0.0,PosPhrase
"('CCONJ', 'PP')",0.0,0.0,PosPhrase
"('ADJ', 'SBAR')",0.0,0.0,PosPhrase
"('UCP', 'NP')",0.0,0.0,PhrasePhrase
"('ADP', 'FRAG')",0.0,0.0,PosPhrase
"('AUX', 'S')",0.0,0.0,PosPhrase
"('SBARQ', 'ADJ')",0.0,0.0,PosPhrase
"('WHADVP', 'PROPN')",0.0,0.0,PosPhrase
"('S', 'FRAG')",0.0,0.0,PhrasePhrase
"('ADP', 'ADJP')",0.0,0.0,PosPhrase
"('QP', 'NP')",0.0,0.0,PhrasePhrase
"('PROPN', 'QP')",0.0,0.0,PosPhrase
"('INTJ', 'FRAG')",0.0,0.0,PosPhrase
"('NUM', 'FRAG')",0.0,0.0,PosPhrase
"('QP', 'ADJ')",0.0,0.0,PosPhrase
"('VP', 'PART')",0.0,0.0,PosPhrase
"('VP', 'SBAR')",0.0,0.0,PhrasePhrase
"('X', 'PART')",0.0,0.0,PosPhrase
"('UCP', 'PRON')",0.0,0.0,PosPhrase
"('ADVP', 'CCONJ')",0.0,0.0,PosPhrase
"('SBARQ', 'PRON')",0.0,0.0,PosPhrase
"('WHNP', 'ADJ')",0.0,0.0,PosPhrase
"('VP', 'WHNP')",0.0,0.0,PhrasePhrase
"('VERB', 'SBARQ')",0.0,0.0,PosPhrase
"('VERB', 'UCP')",0.0,0.0,PosPhrase
"('DET', 'ADJP')",0.0,0.0,PosPhrase
"('RRC', 'ADJ')",0.0,0.0,PosPhrase
"('NUM', 'QP')",0.0,0.0,PosPhrase
"('SBAR', 'ADJP')",0.0,0.0,PhrasePhrase
"('FRAG', 'DET')",0.0,0.0,PosPhrase
"('NP', 'SINV')",0.0,0.0,PhrasePhrase
"('CCONJ', 'ADVP')",0.0,0.0,PosPhrase
"('SCONJ', 'VP')",0.0,0.0,PosPhrase
"('WHNP', 'ADJP')",0.0,0.0,PhrasePhrase
"('NOUN', 'QP')",0.0,0.0,PosPhrase
"('S', 'UCP')",0.0,0.0,PhrasePhrase
"('S', 'PART')",0.0,0.0,PosPhrase
"('X', 'WHNP')",0.0,0.0,PosPhrase
"('DET', 'ADP')",0.0,0.0,PosPos
"('FRAG', 'SINV')",0.0,0.0,PhrasePhrase
"('QP', 'ADJP')",0.0,0.0,PhrasePhrase
"('NP', 'LST')",0.0,0.0,PhrasePhrase
"('NP', 'SBARQ')",0.0,0.0,PhrasePhrase
"('SCONJ', 'ADJP')",0.0,0.0,PosPhrase
"('NOUN', 'WHADJP')",0.0,0.0,PosPhrase
"('PRON', 'UCP')",0.0,0.0,PosPhrase
"('SBAR', 'UCP')",0.0,0.0,PhrasePhrase
"('DET', 'S')",0.0,0.0,PosPhrase
"('WHNP', 'S')",0.0,0.0,PhrasePhrase
"('VP', 'SINV')",0.0,0.0,PhrasePhrase
"('WHNP', 'VERB')",0.0,0.0,PosPhrase
"('WHPP', 'VP')",0.0,0.0,PhrasePhrase
"('WHNP', 'VP')",0.0,0.0,PhrasePhrase
"('ADP', 'CCONJ')",0.0,0.0,PosPos
"('NOUN', 'WHADVP')",0.0,0.0,PosPhrase
"('DET', 'SINV')",0.0,0.0,PosPhrase
"('ADP', 'SINV')",0.0,0.0,PosPhrase
"('INTJ', 'SBARQ')",0.0,0.0,PosPhrase
"('SCONJ', 'CCONJ')",0.0,0.0,PosPos
"('SCONJ', 'ADVP')",0.0,0.0,PosPhrase
"('SCONJ', 'FRAG')",0.0,0.0,PosPhrase
"('SCONJ', 'PP')",0.0,0.0,PosPhrase
"('ADV', 'PART')",0.0,0.0,PosPos
"('CCONJ', 'UCP')",0.0,0.0,PosPhrase
"('UCP', 'VP')",0.0,0.0,PhrasePhrase
"('DET', 'ADVP')",0.0,0.0,PosPhrase
"('SQ', 'SQ')",0.0,0.0,PhrasePhrase
"('SQ', 'INTJ')",0.0,0.0,PosPhrase
"('PART', 'X')",0.0,0.0,PosPhrase
"('SCONJ', 'UCP')",0.0,0.0,PosPhrase
"('SBAR', 'X')",0.0,0.0,PosPhrase
"('UCP', 'FRAG')",0.0,0.0,PhrasePhrase
"('FRAG', 'UCP')",0.0,0.0,PhrasePhrase
"('ADP', 'DET')",0.0,0.0,PosPos
"('PP', 'PART')",0.0,0.0,PosPhrase
"('ADV', 'WHNP')",0.0,0.0,PosPhrase
"('AUX', 'INTJ')",0.0,0.0,PosPhrase
"('AUX', 'ADVP')",0.0,0.0,PosPhrase
"('AUX', 'NUM')",0.0,0.0,PosPos
"('AUX', 'SCONJ')",0.0,0.0,PosPos
"('ADP', 'PART')",0.0,0.0,PosPos
"('NOUN', 'WHNP')",0.0,0.0,PosPhrase
"('LST', 'VERB')",0.0,0.0,PosPhrase
"('PART', 'PART')",0.0,0.0,PosPos
"('NUM', 'SCONJ')",0.0,0.0,PosPos
"('NUM', 'SBAR')",0.0,0.0,PosPhrase
"('PROPN', 'LST')",0.0,0.0,PosPhrase
"('VERB', 'QP')",0.0,0.0,PosPhrase
"('ADJ', 'QP')",0.0,0.0,PosPhrase
"('ADJ', 'LST')",0.0,0.0,PosPhrase
"('S', 'SQ')",0.0,0.0,PhrasePhrase
"('NUM', 'ADP')",0.0,0.0,PosPos
"('PUNCT', 'VERB')",0.0,0.0,PosPos
"('SCONJ', 'DET')",0.0,0.0,PosPos
"('ADVP', 'SBARQ')",0.0,0.0,PhrasePhrase
"('ADJ', 'SBARQ')",0.0,0.0,PosPhrase
"('SINV', 'ADVP')",0.0,0.0,PhrasePhrase
"('ADJP', 'SBAR')",0.0,0.0,PhrasePhrase
"('VERB', 'WHNP')",0.0,0.0,PosPhrase
"('ADJ', 'WHNP')",0.0,0.0,PosPhrase
"('VP', 'SBARQ')",0.0,0.0,PhrasePhrase
"('QP', 'ADV')",0.0,0.0,PosPhrase
"('ADV', 'QP')",0.0,0.0,PosPhrase
"('VP', 'QP')",0.0,0.0,PhrasePhrase
"('S', 'WHNP')",0.0,0.0,PhrasePhrase
"('PRON', 'CCONJ')",0.0,0.0,PosPos
"('INTJ', 'WHNP')",0.0,0.0,PosPhrase
"('PRON', 'AUX')",0.0,0.0,PosPos
"('ADV', 'LST')",0.0,0.0,PosPhrase
"('ADV', 'WHADVP')",0.0,0.0,PosPhrase
"('SBARQ', 'INTJ')",0.0,0.0,PosPhrase
"('SBARQ', 'ADJP')",0.0,0.0,PhrasePhrase
"('SBARQ', 'ADV')",0.0,0.0,PosPhrase
"('SBARQ', 'S')",0.0,0.0,PhrasePhrase
"('PRON', 'NUM')",0.0,0.0,PosPos
"('S', 'SCONJ')",0.0,0.0,PosPhrase
"('S', 'SBARQ')",0.0,0.0,PhrasePhrase
"('SCONJ', 'SBARQ')",0.0,0.0,PosPhrase
"('SBAR', 'SCONJ')",0.0,0.0,PosPhrase
"('SBAR', 'ADP')",0.0,0.0,PosPhrase
"('SQ', 'SBARQ')",0.0,0.0,PhrasePhrase
"('SQ', 'AUX')",0.0,0.0,PosPhrase
"('SQ', 'PRON')",0.0,0.0,PosPhrase
"('SQ', 'ADP')",0.0,0.0,PosPhrase
"('ADJP', 'PART')",0.0,0.0,PosPhrase
"('VERB', 'LST')",0.0,0.0,PosPhrase
"('UCP', 'VERB')",0.0,0.0,PosPhrase
"('ADJ', 'WHADVP')",0.0,0.0,PosPhrase
"('VP', 'PUNCT')",0.0,0.0,PosPhrase
"('INTJ', 'PART')",0.0,0.0,PosPhrase
"('FRAG', 'PART')",0.0,0.0,PosPhrase
"('FRAG', 'QP')",0.0,0.0,PhrasePhrase
"('QP', 'QP')",0.0,0.0,PhrasePhrase
"('ADJP', 'NUM')",0.0,0.0,PosPhrase
"('PART', 'ADV')",0.0,0.0,PosPos
"('PART', 'S')",0.0,0.0,PosPhrase
"('PART', 'SCONJ')",0.0,0.0,PosPos
"('PART', 'ADJP')",0.0,0.0,PosPhrase
"('PART', 'ADVP')",0.0,0.0,PosPhrase
"('ADVP', 'PART')",0.0,0.0,PosPhrase
"('ADVP', 'X')",0.0,0.0,PosPhrase
"('WHADVP', 'ADJ')",0.0,0.0,PosPhrase
"('WHADVP', 'PART')",0.0,0.0,PosPhrase
"('WHADVP', 'SCONJ')",0.0,0.0,PosPhrase
"('ADP', 'QP')",0.0,0.0,PosPhrase
"('ADVP', 'LST')",0.0,0.0,PhrasePhrase
"('ADV', 'SBAR')",0.0,0.0,PosPhrase
"('QP', 'ADVP')",0.0,0.0,PhrasePhrase
"('QP', 'PP')",0.0,0.0,PhrasePhrase
"('ADJ', 'SINV')",0.0,0.0,PosPhrase
"('VERB', 'SQ')",0.0,0.0,PosPhrase
"('PROPN', 'WHADVP')",0.0,0.0,PosPhrase
"('PROPN', 'WHADJP')",0.0,0.0,PosPhrase
"('PROPN', 'WHPP')",0.0,0.0,PosPhrase
"('ADVP', 'SBAR')",0.0,0.0,PhrasePhrase
"('FRAG', 'WHNP')",0.0,0.0,PhrasePhrase
"('LST', 'NP')",0.0,0.0,PhrasePhrase
"('PUNCT', 'NP')",0.0,0.0,PosPhrase
"('PUNCT', 'VP')",0.0,0.0,PosPhrase
"('PUNCT', 'FRAG')",0.0,0.0,PosPhrase
"('PUNCT', 'ADJP')",0.0,0.0,PosPhrase
"('SCONJ', 'AUX')",0.0,0.0,PosPos
"('SCONJ', 'PART')",0.0,0.0,PosPos
"('VERB', 'WHADJP')",0.0,0.0,PosPhrase
"('PRON', 'WHADVP')",0.0,0.0,PosPhrase
"('WHNP', 'SBARQ')",0.0,0.0,PhrasePhrase
"('SBARQ', 'SQ')",0.0,0.0,PhrasePhrase
"('X', 'SBARQ')",0.0,0.0,PosPhrase
"('SBARQ', 'FRAG')",0.0,0.0,PhrasePhrase
"('WHNP', 'WHADVP')",0.0,0.0,PhrasePhrase
"('SBARQ', 'PP')",0.0,0.0,PhrasePhrase
"('DET', 'SBAR')",0.0,0.0,PosPhrase
"('DET', 'SBARQ')",0.0,0.0,PosPhrase
"('NUM', 'INTJ')",0.0,0.0,PosPhrase
"('NP', 'WHNP')",0.0,0.0,PhrasePhrase
"('S', 'SINV')",0.0,0.0,PhrasePhrase
"('ADJ', 'UCP')",0.0,0.0,PosPhrase
"('LST', 'ADJ')",0.0,0.0,PosPhrase
"('QP', 'ADP')",0.0,0.0,PosPhrase
"('QP', 'VERB')",0.0,0.0,PosPhrase
"('SINV', 'S')",0.0,0.0,PhrasePhrase
"('UCP', 'INTJ')",0.0,0.0,PosPhrase
"('SQ', 'PP')",0.0,0.0,PhrasePhrase
"('SQ', 'WHNP')",0.0,0.0,PhrasePhrase
"('ADV', 'WHPP')",0.0,0.0,PosPhrase
"('WHPP', 'ADV')",0.0,0.0,PosPhrase
"('PUNCT', 'PUNCT')",0.0,0.0,PosPos
"('WHADVP', 'WHADVP')",0.0,0.0,PhrasePhrase
"('ADJP', 'SBARQ')",0.0,0.0,PhrasePhrase
"('ADJP', 'WHNP')",0.0,0.0,PhrasePhrase
"('SBARQ', 'DET')",0.0,0.0,PosPhrase
"('WHNP', 'INTJ')",0.0,0.0,PosPhrase
"('WHNP', 'PP')",0.0,0.0,PhrasePhrase
"('SBAR', 'SINV')",0.0,0.0,PhrasePhrase
"('X', 'LST')",0.0,0.0,PosPhrase
